trial,fault_type,severity,fault_onset,simplex_success,nosimplex_success,intervention_step,recovery_time,simplex_rmse,nosimplex_rmse,simplex_effort,nosimplex_effort
0,adversarial,0.3,30,True,True,30,0,860.5410376843803,862.3995739570296,1521000.0,1784594.8109507454
1,stuck,0.3,33,True,True,33,0,860.5410376843803,862.7091489947094,1521000.0,2623725.0
2,adversarial,1.0,17,True,True,17,0,860.5410376843803,861.5494575374705,1521000.0,1034280.0
3,noise,1.0,13,True,True,13,0,860.5410376843803,862.8296597892139,1521000.0,3421688.8893016865
4,noise,0.3,38,True,True,38,0,860.5410376843803,862.8425700336666,1521000.0,3617606.863327363
